,language,added,deleted,output,gold
0,go,"$scope.themes = [];refreshThemes();var refreshThemes = debounce(function () {$http.get(""themes.json"").success(function (data) { // no urlbase here as this is served by the asset handler$scope.themes = data.themes;}).error($scope.emitHTTPError);}, 2500);return state;",return state;,(web) refactoring,cmd/syncthing: Refactor out staticsServer (prev. embeddedStatic) a bit
1,go,import qsaFactory from 'consul-ui/utils/dom/qsa-factory';,import qsaFactory from 'consul-ui/utils/qsa-factory';,ui: UI Release Merge (ui-staging merge),UI: New ACLs 
2,go,"module('Integration | Component | delete confirmation', function (hooks) {test('it renders', async function (assert) {","module('Integration | Component | delete confirmation', function(hooks) {test('it renders', async function(assert) {",ui: chore - upgrade ember and friends,ui: chore - upgrade ember and friends
3,go,".replaceAll('""', '""""') // escape quotes.replaceAll('\n', '')}""` // remove extra newlinesdefault: {}const formattedQuery = query?.trim().replaceAll(/\W/g, '-')",".replaceAll(/""/g, '""""') // escape quotes.replaceAll(/\n/g, '')}""` // remove extra newlinesdefault:const formattedQuery = query?.trim().replace(/\W/g, '-')",chore: update docusaurus template,upgrade @sourcegraph/eslint-config and fix all auto-fixable issues 
4,go,"needs: ['service:kv','service:session','service:feedback','service:logger','service:flashMessages',],","needs: ['service:kv', 'service:session', 'service:feedback', 'service:flashMessages'],",ui: Logger,WIP: Logger
5,go,"list: [""test1"", ""test11"", ""test2""],},","list: [""test1"", ""test11"", ""test2""]}",Format with prettier,Browser: Update UI with new components and elements 
6,go,"import {ActiveFilter,FILTER_ACTION_APPEND,FILTER_ACTION_UPDATE,FilterType,FilterValue} from '../../types/NamespaceFilter';","import { ActiveFilter, FILTER_ACTION_APPEND, FILTER_ACTION_UPDATE, FilterType, FilterValue } from '../../types/Filters';",Rename NamespaceFilter to NamespaceFilter,"KIALI-1562 Revert ""Merge pull requestfrom jotak/refactor-filters"" "
7,go,import {StateParams} from '../../common/resource/resourcedetail';import {stateName} from '../../storageclass/detail/state';class StorageClassCardController {,import {StateParams} from 'common/resource/resourcedetail';import {stateName} from 'storageclass/detail/state';export default class StorageClassCardController {,Update dependencies,Update dependencies 
8,go,"$oauth2LoginNav.find('.oauth-login-image').on('click', () => {",$oauth2LoginNav.find('.oauth-login-image').click(() => {,updating eslint,Introduce eslint-plugin-no-jquery/no-event-shorthand 
9,go,"const xhr = new XMLHttpRequest();const method = options.method || 'GET';const p = new Promise((res, rej) => {for (const key in options.headers) {","let xhr = new XMLHttpRequest();let method = options.method || 'GET';let p = new Promise((res, rej) => {for (let key in options.headers) {",ui: chore - upgrade ember and friends,JS: ESLint prefer-const
10,go, * optional PlayerStatus players = 4;, * optional PlayerStatus Players = 4;,Update code to use comma-dangle style,Player Tracking Proto: Players => players 
11,go,"import * as elasticbeanstalk from ""./elasticbeanstalk""export {apigateway, cloudwatch, config, ec2, elasticbeanstalk, iam, kms, lambda, s3, sns, sqs};","export {apigateway, cloudwatch, config, ec2, iam, kms, lambda, s3, sns, sqs};",Rename elasticbean to eslint,Add AWS Elastic Beanstalk resource providers 
12,go,"import * as WalletsGen from '../../actions/wallets-gen'const mapStateToProps = (state: TypedState) => {const accountID = Constants.getSelectedAccount(state)return {accountID,assets: Constants.getAssets(state),payments: Constants.getPayments(state),loadingMore: state.wallets.paymentLoadingMoreMap.get(accountID, false),}}_onLoadMore: accountID => dispatch(WalletsGen.createLoadMorePayments({accountID})),loadingMore: stateProps.loadingMore,onLoadMore: () => dispatchProps._onLoadMore(stateProps.accountID),","const mapStateToProps = (state: TypedState) => ({accountID: Constants.getSelectedAccount(state),assets: Constants.getAssets(state),payments: Constants.getPayments(state),})",Stellar integration,pagination of payments 
13,go,var d = new Date(input || '');if(d.getTime() <= 0) return 'N/A';return moment(d).format(pattern);,return moment(new Date(input || '')).format(pattern);,(web) refactoring,update for creating/editing policies and destinations.
14,go,"[MTLSStatuses.ENABLED, 'Enabled'],[MTLSStatuses.PARTIALLY, 'Partially Enabled'],[MTLSStatuses.NOT_ENABLED, 'Not Enabled'],[MTLSStatuses.DISABLED, 'Not Enabled']ns => ns.tlsStatus && filters.some(f => statusMap.get(ns.tlsStatus!.status) === f.value)","['Enabled', MTLSStatuses.ENABLED],['Partially Enabled', MTLSStatuses.PARTIALLY],['Not Enabled', MTLSStatuses.NOT_ENABLED]ns => ns.tlsStatus && filters.some(f => ns.tlsStatus!.status === statusMap.get(f.value))",Sort keys 2: The Sortening,Disabled status are also filters
15,go,"<IconButton color=""inherit"" size=""large"" edge=""start"" onClick={props.onOpenDialogClick} aria-label={t(""message_bar_show_dialog"")}>aria-label={t(""message_bar_type_message"")}role=""textbox""<IconButton color=""inherit"" size=""large"" edge=""end"" onClick={handleSendClick} aria-label={t(""message_bar_publish"")}>","<IconButton color=""inherit"" size=""large"" edge=""start"" onClick={props.onOpenDialogClick}><IconButton color=""inherit"" size=""large"" edge=""end"" onClick={handleSendClick}>",Add message dialog,WIP: Accessibility of web app
16,go,if (cm.getInputField().trigger) {cm.getInputField().trigger('input');},cm.getInputField().trigger('input');,fix bug,In SimpleMDE check if trigger exists before call 
17,go,"keybindings: [{ held: ['Mod'], ordered: ['k'] }],keybindings: [{ held: ['Mod', 'Shift'], ordered: ['c'] }],","keybindings: [{ held: [isMacPlatform() ? 'Meta' : 'Control'], ordered: ['k'] }],keybindings: [{ held: [isMacPlatform() ? 'Meta' : 'Control', 'Shift'], ordered: ['c'] }],",Sort keys 2: The Sortening,CodeMirror blob: Override browser search to trigger file search 
18,go,"import {archiveGroup, restoreGroup} from 'mattermost-redux/actions/groups';restoreGroup: (groupId: string) => Promise<ActionResult>;restoreGroup,",import {archiveGroup} from 'mattermost-redux/actions/groups';,Restore archived groups,Restore previously archived groups 
19,go,"rootKey: '',var parentKey = this.rootKey,grandParentKey = this.rootKey,if (key.slice(-1) === '/' || key === this.rootKey) {this.transitionTo('kv.show', this.rootKey)","rootRoute: '',var parentKey = this.rootRoute,grandParentKey = this.rootRoute,if (key.slice(-1) === '/' || key === this.rootRoute) {this.transitionTo('kv.show', this.rootRoute)",fix:ui: ä¿®å¤įæĶ¹æĿĥéĻĲæĿĥéĻĲæķ´,Rename root variable
20,go,"import { type FetchResult, gql, useMutation } from '@apollo/client'import type { SaveInsightAsNewViewResult, SaveInsightAsNewViewVariables } from '../../../../graphql-operations'import { type BackendInsight, type InsightDashboard, type InsightFilters, isVirtualDashboard } from '../types'","import { FetchResult, gql, useMutation } from '@apollo/client'import { SaveInsightAsNewViewResult, SaveInsightAsNewViewVariables } from '../../../../graphql-operations'import { BackendInsight, InsightDashboard, InsightFilters, isVirtualDashboard } from '../types'",Eslint fix type imports,Eslint fix type imports 
21,go,<Button type='Secondary' label='toggle popup pinentry' onClick={togglePinentry} /><Button type='Secondary' label='toggle popup tracker' onClick={toggleTracker} />,<Button label='toggle popup pinentry' onClick={togglePinentry} /><Button label='toggle popup tracker' onClick={toggleTracker} />,New Button,Switch from <Button primary/> to <Button type='Primary'/> for flow
22,go,"import Label, { Primary, Secondary, Warning, Danger } from './Label';","import Label, { Primary, Secondary, Warning, Danger } from './Label';",Added eslint rule to enforce the order of file imports,Added eslint rule to enforce the order of file imports 
23,go,"export const perPageOptions: number[] = [5, 10, 15];perPage: this.getSingleIntQueryParam('perPage') || perPageOptions[1],perPageOptions: perPageOptions","const perPageOptions: number[] = [5, 10, 15];perPage: this.getSingleIntQueryParam('perPage') || perPageOptions[1]",refactor(ui): use eslint instead of tslint,KIALI-1530 fix broken pagination
24,go,import * as GQL from '../../../shared/src/graphqlschema',import * as GQL from '../backend/graphqlschema',Create shared module,"use single root package.json, do not build intermediate shared code "
25,go,"import lazyCapabilities, { apiPath } from 'vault/macros/lazy-capabilities';rotatePath: lazyCapabilities(apiPath`${'backend'}/keys/${'id'}/rotate`, 'backend', 'id'),","import { queryRecord } from 'ember-computed-query';rotatePath: queryRecord('capabilities',context => {const { backend, id } = context.getProperties('backend', 'id');if (!backend && id) {return;}return {id: `${backend}/keys/${id}/rotate`,};},'id','backend'),",ui: UI Release Merge (ui-staging merge),UI - code cleanup 
26,go,"`<noscript><p><img src=""//sqa-web.ory.sh/np.php?idsite=2&amp;rec=1"" style=""border:0;"" alt="""" /></p></noscript>`_paq.push(['setSiteId', '2']);g.type='text/javascript'; g.async=true; g.src=u+'js/np.js'; s.parentNode.insertBefore(g,s);","`<noscript><p><img src=""//sqa-web.ory.sh/np.php?idsite=1&amp;rec=1"" style=""border:0;"" alt="""" /></p></noscript>`_paq.push(['setSiteId', '1']);g.type='text/javascript'; g.async=true; g.src=u+'np.js'; s.parentNode.insertBefore(g,s);",chore: update site name,chore: update docusaurus template 
27,go,},};,Fix all tslint warnings,ui: Partitions Application Layer 
28,go,"* @param {!angular.Resource} kdStorageClassListResourceconstructor(admin, kdNamespaceListResource, kdNodeListResource, kdPersistentVolumeListResource,kdStorageClassListResource) {/** @export {!angular.Resource} */this.kdStorageClassListResource = kdStorageClassListResource;this.admin.persistentVolumeList.listMeta.totalItems +this.admin.storageClassList.listMeta.totalItems;","constructor(admin, kdNamespaceListResource, kdNodeListResource, kdPersistentVolumeListResource) {this.admin.persistentVolumeList.listMeta.totalItems;",Add backend pagination support,Add frontend for storage class resource 
29,go,? './webapp/templates/!(standalone).html',? './webapp/templates/*.html',chore: update docusaurus template,feat: export standalone html 
30,go,import { Route } from '../components/InfoRoutes/InfoRoutes';dependencies?: { [key: string]: Route[] };,dependencies?: { [key: string]: SourceWorkload[] };,Refactor frontend,KIALI-1140 Adding destination services into WorkloadDetails page 
31,go,"import { dataOrThrowErrors, gql } from '@sourcegraph/shared/src/graphql/graphql'","import { dataOrThrowErrors, gql } from '../../../../../shared/src/graphql/graphql'",Refactor relative cross-package imports to absolute ones via package name,Refactor relative cross-package imports to absolute ones via package name 
32,go,// Mock dataif (params.get('page') === '1') {els = fixture.nativeElement.querySelectorAll('.datagrid-row');,//Mock dataif (params.get('page') == '1') {let els: HTMLElement[] = fixture.nativeElement.querySelectorAll('.datagrid-row');,refactor(ui): use eslint instead of tslint,Refactor project member API
33,go,import FlashMessagesService from 'waypoint/services/flash-messages';@service flashMessages!: FlashMessagesService;initialVariable!: ConfigVar.AsObject;async saveVariable(e: Event): Promise<void> {,@service flashMessages;initialVariable: ConfigVar.AsObject;async saveVariable(e): Promise<void> {,UI ember engines,clean up types
34,go,"gtag(""event"", ""rerun"", {","gtag(""event"", ""troll_rerun_popup"", {","Revert ""Rex4539's Fix Typos """,Update rerun analytics event
35,go,import type { QueryState } from '@sourcegraph/shared/src/search'import type { InsightStep } from '../search-insight',import { QueryState } from '@sourcegraph/shared/src/search'import { InsightStep } from '../search-insight',Eslint fix type imports,Eslint fix type imports 
36,go,const encodedSpec1 =await cronFactoryContract.encodeCronString(cronString1)const encodedSpec2 =await cronFactoryContract.encodeCronString(cronString2),"const encodedSpec1 = await cronFactoryContract.encodeCronString(cronString1,)const encodedSpec2 = await cronFactoryContract.encodeCronString(cronString2,)",Run prettier,"bump prettier, solhint & eslint "
37,go,"badgeNumber: props.badgeNumbers[TabConstants.teamsTab],icon: 'iconfont-nav-teams',onClick: () => props.onTabChange(Constants.teamsTab),text: 'Teams',","badgeNumber: props.badgeNumbers[TabConstants.fsTab],icon: 'iconfont-nav-files',onClick: () => props.onTabChange(Constants.fsTab),text: 'Files',",Sort keys 2: The Sortening,swap fs and teams in mobile nav 
38,go, * @return {XMLHttpRequest}, * @return {XMLHTTPRequest},Update dependencies,Fix return type annotation
39,go,"const template = Handlebars.compile(""{{error_text}}"");document.getElementById(""query-error"").innerHTML = template({error_text:error})","document.getElementById(""query-error"").innerHTML = error",Refactor frontend,Fixed XSS on LogQL Analyzer page 
0,java,import org.elasticsearch.index.store.support.AbstractIndexStore;public final class SimpleFsIndexStore extends AbstractIndexStore {,public final class SimpleFsIndexStore extends FsIndexStore {,[STORE] Cut over to Path API,[STORE] Remove `memory`/ `ram` store
1,java,"/** * åĢŁéī´CAS * * @author Joe */private final Map<String, HttpSession> MANAGED_SESSIONS = new HashMap<>();private final Map<String, String> ID_TO_SESSION_KEY_MAPPING = new HashMap<>();","private final Map<String, HttpSession> MANAGED_SESSIONS = new HashMap<String, HttpSession>();private final Map<String, String> ID_TO_SESSION_KEY_MAPPING = new HashMap<String, String>();",ä»£çłģä¼ĺåĮĸ,ä»£çłģä¼ĺåĮĸ
2,java,import androidx.annotation.NonNull;import androidx.annotation.Nullable;import androidx.core.content.res.ResourcesCompat;,import android.support.annotation.NonNull;import android.support.annotation.Nullable;import android.support.v4.content.res.ResourcesCompat;,migrate to androidx,AndroidX
3,java,ĉĉassertNull(stderrDuringParse);ĉĉassertNull(stderrDuringParse);,"ĉĉassertEquals(""line 1:1 reportAttemptingFullContext d=3 (expr), input='+'\n"" +ĉĉĉĉĉ ""line 1:1 reportContextSensitivity d=3 (expr), input='+'\n"" +ĉĉĉĉĉ ""line 1:3 reportAttemptingFullContext d=3 (expr), input='*'\n"",ĉĉĉĉĉ stderrDuringParse);ĉĉassertEquals(""line 1:2 reportAttemptingFullContext d=3 (expr), input='+'\n"" +ĉĉĉĉĉ ""line 1:2 reportContextSensitivity d=3 (expr), input='+'\n"" +ĉĉĉĉĉ ""line 1:5 reportAttemptingFullContext d=3 (expr), input='*'\n"" +ĉĉĉĉĉ ""line 1:5 reportContextSensitivity d=3 (expr), input='*'\n"",ĉĉĉĉĉ stderrDuringParse);",Fix tests,"Initial implementation of a ""precedence DFA"" (fixes "
4,java,ctx.mediaConductorProxy(new MediaConductorProxy(toConductorBuffer));,"ctx.mediaConductorProxy(new MediaConductorProxy(toConductorBuffer, ctx.conductorNioSelector()));ctx.receiverNioSelector(),",[Java] Remove the need for receiverNioSelector.,[Java]: remove wakeup calls as Selector polled and not waited on. Removed NioSelector dependencies on Proxies.
5,java, * Copyright 2002-2023 the original author or authors., * Copyright 2002-2022 the original author or authors.,Update copyright headers,Update copyright headers
6,java,"import org.pentaho.metastore.api.IMetaStore;public void loadXML(Node stepnode, List<DatabaseMeta> databases, IMetaStore metaStore) throws KettleXMLExceptionpublic void readRep(Repository rep, IMetaStore metaStore, ObjectId id_step, List<DatabaseMeta> databases) throws KettleExceptionpublic void saveRep(Repository rep, IMetaStore metaStore, ObjectId id_transformation, ObjectId id_step) throws KettleException","import java.util.Map;import org.pentaho.di.core.Counter;public void loadXML(Node stepnode, List<DatabaseMeta> databases, Map<String,Counter> counters) throws KettleXMLExceptionpublic void readRep(Repository rep, ObjectId id_step, List<DatabaseMeta> databases, Map<String, Counter> counters) throws KettleExceptionpublic void saveRep(Repository rep, ObjectId id_transformation, ObjectId id_step) throws KettleException","PDI-191 : As a developer/contributor, I want pluggable types (completion)","PDI-191 : As a developer/contributor, I want pluggable types (completion)"
7,java,"import net.minecraftforge.registries.RegistryObject;worldIn.scheduleTick(pos, fluidStateIn.getType(), fluidStateIn.getType().getTickDelay(worldIn));","import net.minecraftforge.fmllegacy.RegistryObject;worldIn.getLiquidTicks().scheduleTick(pos, fluidStateIn.getType(), fluidStateIn.getType().getTickDelay(worldIn));",Initial port to 1.18,Initial port to 1.18
8,java,"import net.minecraft.network.IPacket;public <MSG> IPacket<?> toVanillaPacket(MSG message, NetworkDirection direction)","import net.minecraft.network.Packet;public <MSG> Packet<?> toVanillaPacket(MSG message, NetworkDirection direction)",Update to 1.17,Update to 1.14.2
9,java,package slavetest.manual;class ZooKeeperServerWrapper,package org.neo4j.kernel.ha.zookeeper;public class ZooKeeperServerWrapper,"Revert ""Merge master branch to 3.x dev branch """,Refactored the HA test classes:
10,java,"ĉĉĉdoc = appendObjectType(objectType, doc);ĉĉĉif (doc != null) {ĉĉĉĉXmlUtil.writeXmlFileWithIndent(doc, customFile, 2);ĉĉĉĉxmlCustomContent = FileUtil.readAll(customFile);ĉĉĉĉreloadEngine();ĉĉĉĉreturn true;ĉĉĉ}","ĉĉdoc = appendObjectType(objectType, doc);ĉĉĉXmlUtil.writeXmlFileWithIndent(doc, customFile, 2);ĉĉĉxmlCustomContent = FileUtil.readAll(customFile);ĉĉĉreloadEngine();ĉĉĉreturn true;",åĲĮæŃ¥eclipseçīĪèĩ³studioçīĪ,bug fix
11,java,public static TimeValue DEFAULT_MASTER_NODE_TIMEOUT = TimeValue.timeValueSeconds(30);private TimeValue masterNodeTimeout = DEFAULT_MASTER_NODE_TIMEOUT;, * *private TimeValue masterNodeTimeout = TimeValue.timeValueSeconds(30);,refactoring,use a constant value for default master node timeout
12,java,* @param request The {@link HttpServletRequest} object* @param response The {@link HttpServletResponse} object* @param request The {@link HttpServletRequest} object* @param response The {@link HttpServletResponse} object,* @param request The HttpServletRequest object* @param response The HttpServletResponse object* @param request The HttpServletRequest object* @param response The HttpServletResponse object,[TACHYON-935] Added the usage of links in the documentation in the tachyon.web packages,[TACHYON-935] Added the usage of links in the documentation in the tachyon.metrics and tachyon.web packages
13,java," * Licensed under the Apache License, Version 2.0 (the ""License""); * you may not use this file except in compliance with the License. * You may obtain a copy of the License at * *http://www.apache.org/licenses/LICENSE-2.0 * * Unless required by applicable law or agreed to in writing, software * distributed under the License is distributed on an ""AS IS"" BASIS, * WITHOUT WARRANTIES OR CONDITIONS OF ANY KIND, either express or implied. * See the License for the specific language governing permissions and * limitations under the License."," * This software is published under the terms of the GNU Public License (GPL), * a copy of which is included in this distribution, or a commercial license * agreement with Jive.",Update to Apache 2.0 license (OF-65).,Update to Apache 2.0 license (OF-65).
14,java, * Copyright Â© 2010-2013 Nokia, * Copyright Â© 2010-2011 Nokia,Update copyright notice for 2013,Update copyright notice for 2013
15,java,"public float factor(int docId) {return boost;}@Overridepublic Explanation explainScore(int docId, Explanation subQueryExpl) {@Overridepublic Explanation explainFactor(int docId) {return new Explanation(boost, ""boostFactor"");}@Overridepublic String toString() {return ""boost["" + boost + ""]"";}","public Explanation explain(int docId, Explanation subQueryExpl) {",add Explanations,"use factor in scripts, so custom score function will work correctly when it multiplies"
16,java,import androidx.annotation.NonNull;import androidx.annotation.Nullable;import androidx.fragment.app.Fragment;import androidx.appcompat.app.AppCompatDialogFragment;,import android.support.annotation.NonNull;import android.support.annotation.Nullable;import android.support.v4.app.Fragment;import android.support.v7.app.AppCompatDialogFragment;,migrate to androidx,[Refactor] Migrate to AndroidX.
17,java,"String fieldDoc = null;JsonNode fieldDocNode = field.get(""doc"");if (fieldDocNode != null)fieldDoc = fieldDocNode.getTextValue();fieldDoc,","null /* message fields don't have docs */,",don't show message doc for message fields,AVRO-1681. Improve generated JavaDocs. Contributed by Charles GariÃ©py-Ikeson.
18,java,return new WindowMappingFn<BoundedWindow>(Duration.millis(Long.MAX_VALUE)) {,return new WindowMappingFn<BoundedWindow>() {@Overridepublic Duration maximumLookback() {// TODO: This may be unsafe.return Duration.millis(Long.MAX_VALUE);},Remove WindowMappingFn,Make WindowMappingFn#maximumLookback Configurable but Final
19,java,import com.thinkaurelius.titan.hadoop.compat.HadoopCompiler;,import com.thinkaurelius.titan.hadoop.mapreduce.HadoopCompiler;,Major Hadoop module refactoring,Major Hadoop module refactoring
20,java,private final int space;,private int space;,Code cleanup,code clean
21,java,"return new SessionFactoryImpl(metadata, optionsBuilder.buildOptions(), HQLQueryPlan::new);","return new SessionFactoryImpl(metadata.getOriginalMetadata(), optionsBuilder.buildOptions(), HQLQueryPlan::new);",Remove deprecated methods,Ensure MetadataImplementor#validate is not run twice
22,java,import org.apache.beam.runners.core.OldDoFn;,import org.apache.beam.sdk.transforms.OldDoFn;,Moves OldDoFn to runners-core,Moves OldDoFn to runners-core
23,java,import static net.sourceforge.pmd.RuleViolation.METHOD_NAME;import static net.sourceforge.pmd.RuleViolation.VARIABLE_NAME;,import static net.sourceforge.pmd.RuleViolation.*;,"cleaned up imports, yay IDEAJ!",checkstyle
24,java,* Returns true if the request has been cleared.boolean isCleared();,/*** Identical to {@link #clear()} except that the request may later be restarted.*/void pause();/*** Returns true if this request is paused and may be restarted.*/boolean isPaused();* Returns true if the request has been cancelled.boolean isCancelled();,"Rename ""pause"" to ""pause""",Remove pause() and isPaused() from Request API
25,java, *http://www.apache.org/licenses/LICENSE-2.0, * http://www.apache.org/licenses/LICENSE-2.0,Reformat license header for consistency,Reformat license header for consistency
26,java,/** *Copyright 2009-2015 the original author or authors.,/* *Copyright 2014 the original author or authors.,[license update] Update License Headers in Java,[license update] Update License Headers in Java
27,java,"import com.github.mikephil.charting.data.XAxisValue;ArrayList<XAxisValue> xVals = new ArrayList<XAxisValue>();xVals.add(new XAxisValue(i, i + """"));","ArrayList<String> xVals = new ArrayList<String>();xVals.add((i) + """");",Adjust example according to XAxisValue,Adjust example according to XAxisValue
28,java,"import com.lmax.disruptor.EventHandler;public final class LatencyStepEventHandler implements EventHandler<ValueEvent>public void onEvent(final ValueEvent event, final boolean endOfBatch) throws Exception",import com.lmax.disruptor.BatchEventHandler;public final class LatencyStepEventHandler implements BatchEventHandler<ValueEvent>public void onAvailable(final ValueEvent event) throws Exception@Overridepublic void onEndOfBatch() throws Exception{},Renamed BatchEventHandler to EventHandler,Renamed BatchEventHandler to EventHandler and made it a single method interface by added a boolean flag to indicate end of batch.
29,java,import static com.oracle.jvmci.meta.DeoptimizationAction.*;import static com.oracle.jvmci.meta.DeoptimizationReason.*;import com.oracle.jvmci.meta.*;import com.oracle.jvmci.meta.Assumptions.AssumptionResult;,import static com.oracle.graal.api.meta.DeoptimizationAction.*;import static com.oracle.graal.api.meta.DeoptimizationReason.*;import com.oracle.graal.api.meta.*;import com.oracle.graal.api.meta.Assumptions.AssumptionResult;,renamed com.oracle.graal.api[meta|code] modules to com.oracle.jvmci.[meta|code] (JBS:GRAAL-53),renamed com.oracle.graal.api[meta|code] modules to com.oracle.jvmci.[meta|code] (JBS:GRAAL-53)
30,java,"/*** Tests that blocks are allocated in a round robin fashion.** @throws Exception if adding the metadata of the block fails*/mAllocator = Allocator.Factory.create(conf, getManagerView());","mAllocator = Allocator.Factory.create(conf, mManagerView);",Address comments.,Resolve conflicts.
31,java,"import io.swagger.annotations.ApiImplicitParam;import org.springframework.web.bind.annotation.*;@DeleteMapping(value = ""/cancel"")@ApiOperation(value = ""åıĸæ¶ĪåĶ®åĲİ"")@ApiImplicitParam(name = ""id"", value = ""åĶ®åĲİç¼ĸåı·"", required = true, example = ""1"")public CommonResult<Boolean> cancelAfterSale(@RequestParam(""id"") Long id) {afterSaleService.cancelAfterSale(getLoginUserId(), id);return success(true);}",import org.springframework.web.bind.annotation.PostMapping;import org.springframework.web.bind.annotation.RequestBody;import org.springframework.web.bind.annotation.RequestMapping;import org.springframework.web.bind.annotation.RestController;,ä¼ĺåĮĸæ³¨éĩĬ,tradeï¼ļãĢĲäº¤æĺĵåĶ®åĲİãĢĳå¢ŀåĬłä¼ļåĳĺåıĸæ¶ĪåĶ®åĲİ
32,java,"ĉĉĉnew WebConfigurer().configure(mergedConfig, application, initializers);ĉĉvoid configure(MergedContextConfiguration configuration,ĉĉĉWebMergedContextConfiguration webConfiguration = (WebMergedContextConfiguration) configuration;ĉĉĉif (AnnotationUtils.findAnnotation(webConfiguration.getTestClass(),ĉĉĉĉĉĉwebConfiguration.getResourceBasePath());","ĉĉĉnew WebConfigurer().setup(mergedConfig, application, initializers);ĉĉvoid setup(MergedContextConfiguration mergedConfig,ĉĉĉWebMergedContextConfiguration webConfig = (WebMergedContextConfiguration) mergedConfig;ĉĉĉif (AnnotationUtils.findAnnotation(webConfig.getTestClass(),ĉĉĉĉĉĉwebConfig.getResourceBasePath());",Polish,Rename a few `setup` methods to `configure`
33,java,import com.google.common.collect.Lists;,import org.apache.drill.shaded.guava.com.google.common.collect.Lists;,DRILL-8420: Remove shaded Guava and upgrade stock Guava 30.1.1-jre âĨĴ 32.1.2-jre,DRILL-8420: Remove shaded Guava and upgrade stock Guava 30.1.1-jre âĨĴ 32.1.2-jre 
34,java,/* public static void main(String[] args) throws Exception {} */,public static void main(String[] args) throws Exception {},Removed unused imports,fix: åĪłéĻ¤æĹłçĶ¨æµĭè¯ķmainæĸ¹æ³ķ
35,java,private static final org.slf4j.Logger logger = org.slf4j.LoggerFactory.getLogger(JingleNodesServiceDiscovery.class);,import net.java.sip.communicator.util.Logger;private static final Logger logger =Logger.getLogger(JingleNodesServiceDiscovery.class);,Replace custom logger with slf4j,Replace custom logger with slf4j
36,java, * @author Ceki G&uuml;lc&uuml;, * @author Ceki G&uuml;c&uuml;,Fix typos in author names,Fix typos in author names
37,java,"Listeners.notifyListeners( listeners, new Listeners.Notification<HeartbeatListener>()","Listeners.notifyListeners( listeners, executor, new Listeners.Notification<HeartbeatListener>()",refactoring,Fixes issue with master failover not happening after kill -9
38,java, * Copyright 2002-2018 the original author or authors. * @param <T> the bean type, * Copyright 2002-2016 the original author or authors.,Fix javadoc checkstyle issues,Fix javadoc checkstyle issues
39,java,.withApplicationRoot((jar) -> jar.addClasses(GreetingResource.class)),import org.jboss.shrinkwrap.api.ShrinkWrap;import org.jboss.shrinkwrap.api.spec.JavaArchive;.setArchiveProducer(() -> ShrinkWrap.create(JavaArchive.class).addClasses(GreetingResource.class)),Use the new unit test API,Use the new unit test API
0,javascript,var main2 = require('./main2-4b102ef6.js');,var main2 = require('./main2-952c9a65.js');,update test hashes,simplify asi handling due to render delegations
1,javascript,import {htmlSafe} from '@ember/template';@tracked style = htmlSafe('');super.willDestroy?.(...arguments);this.style = htmlSafe(Object.keys(newPosition).map((style) => {}).compact().join('; '));,@tracked style = ''.htmlSafe();this.style = Object.keys(newPosition).map((style) => {}).compact().join('; ').htmlSafe();,Fixed tests,Bumped eslint-plugin-ghost and fixed linter errors
2,javascript,"ĉĉvar data = new TextEncoder('UTF-8').encode(EJSON.stringify({ _id: message._id, text: message.msg, userId: this.userId, ack: Random.id((Random.fraction()+1)*20), ts: new Date(Date.now() + TimeSync.serverOffset()) }));","ĉĉvar data = new TextEncoder('UTF-8').encode(EJSON.stringify({ text: message, userId: this.userId, ack: Random.id((Random.fraction()+1)*20), ts: new Date(Date.now() + TimeSync.serverOffset()) }));",[NEW] Threads,Encrypts _id to avoid duplicate encrypted messages
3,javascript,ĉĉĉĉ} else if (err.error === 'error-blocked-username') {ĉĉĉĉĉusername.blocked = true;ĉĉĉĉĉusername.unavailable = true;,ĉĉĉĉconsole.log(err);ĉĉĉĉĉusername.error = true;,Release 0.72.0,[IMPROVE] Wrong error message when trying to create a blocked username 
4,javascript,"'Front End Development Libraries Certification',it('Has all superblocks visible', () => {","'Front End Libraries Certification',it('Has all supeblocks visible', () => {",Fix typo,feat: improve ui/ux learn map 
5,javascript,"version: ""1.0.9-rc.2""","version: ""1.0.9-rc.1""",Bump package versions for 1.3-rc.2 release.,Bump package versions for 1.3.1-rc.2 release.
6,javascript,"if (val && val.match && !val.match(/^[a-zA-Z0-9#,"";()%. ]+$/)) {let startCnt = 0;let endCnt = 0;for (let i = 0; i < str.length; i++) {if (startCnt < endCnt) {return '{ /* ERROR: Unbalanced CSS */ }';}if (str[i] === '{') {startCnt++;} else if (str[i] === '}') {endCnt++;}}","if (!val.match(/^[a-zA-Z0-9#,"";()%. ]+$/)) {const stringsearch = 'o';const startCnt = (str.match(/\{/g) || []).length;const endCnt = (str.match(/\}/g) || []).length;",tools: update ESLint to 7.0.0-alpha.0,Better balance check
7,javascript, * @license{@link https://opensource.org/licenses/MIT|MIT License}, * @license{@link https://github.com/photonstorm/phaser/blob/master/license.txt|MIT License},License link update,License link update
8,javascript,"formatter: 'stylish''--format [formatter]': 'specify formatter (default: stylish)',","formatter: 'codeframe''--format [formatter]': 'specify formatter (default: codeframe)',",Rename to Styled,feat: switch to stylish formatter for eslint 
9,javascript,"ĉĉĉĉĉfor ( var i = 0; i < numViews; ++ i ) {ĉĉĉĉĉĉviewFramebuffers[ i ] = _gl.createFramebuffer();ĉĉĉĉĉĉ_gl.bindFramebuffer( _gl.FRAMEBUFFER, viewFramebuffers[ i ] );ĉĉĉĉĉĉ_gl.framebufferTextureLayer( _gl.FRAMEBUFFER, _gl.COLOR_ATTACHMENT0, colorTexture, 0, i );","ĉĉĉĉĉfor ( var viewIndex = 0; viewIndex < numViews; ++ viewIndex ) {ĉĉĉĉĉĉviewFramebuffers[ viewIndex ] = _gl.createFramebuffer();ĉĉĉĉĉĉ_gl.bindFramebuffer( _gl.FRAMEBUFFER, viewFramebuffers[ viewIndex ] );ĉĉĉĉĉĉ_gl.framebufferTextureLayer( _gl.FRAMEBUFFER, _gl.COLOR_ATTACHMENT0, colorTexture, 0, viewIndex );",Updated builds.,Add setNumViews() to WebGLMultiview
10,javascript,const { storeLocally: telemetryStoreLocally } = require('../utils/telemetry');this.deferredBackendNotificationRequest = telemetryStoreLocally(,const { report: telemetryReport } = require('../utils/telemetry');this.deferredBackendNotificationRequest = telemetryReport(,refactor: Rename `telemetryStore` to `storeLocally`,refactor(Telemetry): Rename `report` to `storeLocally`
11,javascript,"$("".title a[href^='http'], a[href^='https']"").each(function() {",$('.title a').each(function() {,Add support for https://github.com/mrdoob/three.js,hack to exclude internal links from the list
12,javascript,export const RegistryContext: ReactContext<RegistryContextType> =createContext<RegistryContextType>({});,"export const RegistryContext: ReactContext<RegistryContextType> = createContext<RegistryContextType>({},);",Upgrade prettier,Upgrade prettier 
13,javascript,"'should be the same function',wrapper.prop('onRequestClose'), fn, 'should be the same function',wrapper.prop('anchorEl'), el, 'should be the same object',","'should be the same function'wrapper.prop('onRequestClose'), fn, 'should be the same function'wrapper.prop('anchorEl'), el, 'should be the same object'",test: prepare for consistent comma-dangle lint rule,[npm] Upgrade the dependencies 
14,javascript,"var driver, acorn;require(""./tests-babel.js"");require(""babel/register"")acorn = require(""../src"")acorn = window.acorn;parse: acorn.parse","var driver;require(""./tests-babel.js"");parse: (typeof require === ""undefined"" ? window.acorn : require(""../acorn.js"")).parse",npm: Upgrade to 1.2.21,update to modular acorn
15,javascript,"export interface Sequence {blocks: Array<any>;}this.phases.push(this.parseSchedule(phase));this.phaseNames.set(phase.name, this.phases.length);} else if (phase.type == 'sequence') {this.phases.push(this.parseSequence(phase));parseSequence(phase) {phase.sequence = { blocks: phase.blocks };return phase;}",this.phases.push(this.parseSchedule(phase)),latest,deps: update V8 to 7.1.302.28
16,javascript,const _ = require('lodash');const proto = this.protocol;,let _ = require('lodash');let proto = this.protocol;,var/let -> const,update to eslint-config-fb-strict
17,javascript, * - [Css Baseline](https://mui.com/components/css-baseline/) * - [ScopedCssBaseline API](https://mui.com/api/scoped-css-baseline/) * - [Css Baseline](https://mui.com/components/css-baseline/) * - [ScopedCssBaseline API](https://mui.com/api/scoped-css-baseline/), * - [Css Baseline](https://material-ui.com/components/css-baseline/) * - [ScopedCssBaseline API](https://material-ui.com/api/scoped-css-baseline/) * - [Css Baseline](https://material-ui.com/components/css-baseline/) * - [ScopedCssBaseline API](https://material-ui.com/api/scoped-css-baseline/),[website] Rename domain to mui.com,[website] Rename domain to mui.com 
18,javascript,"try {var log = require(""npmlog"")} catch (er) {var util = require('util')var log = { warn: function (m) {console.warn(m + util.format.apply(util, [].slice.call(arguments, 1)))} }}exports.Octal = Octal, ""user-agent"" : ""node/"" + process.version",", log = require(""npmlog""), npm = require(""../npm.js""), ""user-agent"" : ""npm/"" + npm.version + "" node/"" + process.version",npm: Upgrade to 1.1.21,npm: Upgrade to 1.1.49
19,javascript,// This preference controls whether detailed type metadata will be displayed within hint list. Defaults to true.,// This preference controls whether detailed type metadata will be desplayed within hint list. Deafults to true.,Typo,Correct main.js 
20,javascript,"mobiledoc: [123, new Date(), 'a'],","mobiledoc: [123, new Date()],",ðŁĲĽ Fixed mobiledoc posts,Added custom `json-string` format to AJV validator
21,javascript, * @namespace Phaser.Physics.Matter.Components.SetBody, * @name Phaser.Physics.Matter.Components.SetBody,Lots more jsdoc tweaks and improvements,Lots more jsdoc tweaks and improvements
22,javascript,"const contentDisposition = 'form-data; name=""' + name + '""';const headers: Headers = {'content-disposition': contentDisposition};","var contentDisposition = 'form-data; name=""' + name + '""';var headers: Headers = {'content-disposition': contentDisposition};",Updated var declarations to const/let and no lists,Convert react-native-github/Libraries to let/const
23,javascript,const child = React.Children.only(this.props.children);,var onlyChild = require('react/lib/onlyChild');const child = onlyChild(this.props.children);,"Revert ""Remove React""",RN: Change `onlyChild => React.Children.only`
24,javascript,"const { ModuleWrap, callbackMap } = internalBinding('module_wrap');const esmLoader = require('internal/process/esm_loader');function initializeImportMeta(meta, { url }) {meta.url = url;}async function importModuleDynamically(specifier, { url }) {const loader = await esmLoader.loaderPromise;return loader.import(specifier, url);}const module = new ModuleWrap(stripShebang(source), url);callbackMap.set(module, {initializeImportMeta,importModuleDynamically,});module,reflect: undefined,","const { ModuleWrap } = internalBinding('module_wrap');module: new ModuleWrap(stripShebang(source), url),reflect: undefined",module: refactor loader,vm: add dynamic import support
25,javascript,"c.addListener(""close"", function () {","c.addListener(""disconnect"", function () {",typo,"API: tcp.Connection ""disconnect"" event renamed to ""close""."
26,javascript,};,};,Updated to ESLint config 5.4.0,Updated to ESLint config 5.4.0 
27,javascript,"//Convenience method, almost need to turn it into a middleware of sorts","//Convience method, almost need to turn it into a middleware of sorts",Fix typos,Added helper for testing if the current user matches the params
28,javascript,const element = buildTextEditorElement(),element = buildTextEditorElement(),Fix lint errors,Fix undefined variables from specs
29,javascript,import { createSelector } from 'reselect';,import { createSelector } from 'reselect';,Chore: Apply eslint import sorting fix,Base admin panel on strapi-helper-plugin
30,javascript,"if (isPattern) {this.toAssignable(prop, true, ""object pattern"");}","prop.type = isPattern ? ""RestElement"" : ""SpreadElement"";if (isPattern) this.toAssignable(prop.argument, true, ""object pattern"");","Revert ""Merge pull requestfrom meteor/release-2.9""""",Adjusted Object Rest/Spread syntax handling to the latest spec 
31,javascript,"ĉĉtimes: ArrayLike<any>,ĉĉvalues: ArrayLike<any>,","ĉĉtimes: Record<number, any>,ĉĉvalues: Record<number, any>,",Chore: ESLint warnings,use ArrayLike
32,javascript,"'lodash backboneBuild with only methods required by Backbone','lodash underscoreBuild with only methods included in Underscore without iteration fixes',console.log('\n' +'Invalid argument' + (invalidArgs.length > 1 ? 's' : '') +' passed: ' + invalidArgs.join(', '));","'lodash backboneBuild containing all methods required by Backbone','lodash underscoreBuild containing only methods included in Underscore',console.log('\nInvalid arguments passed: ' + invalidArgs.join(', '));",Improve error message,Cleanup build.js help message.
33,javascript," * var func = _.overEvery([Boolean, isFinite]);"," * var func = _.overEvery(Boolean, isFinite);","tools: update ESLint, fix unused vars bug","tools: update ESLint, fix unused vars bug"
34,javascript, * @copyright2019 Photon Storm Ltd., * @copyright2018 Photon Storm Ltd.,Happy New Year,Happy New Year
35,javascript,* @class Button* @constructor/*** Used to manually set the frames that will be used for the different states of the button* exactly like setting them in the constructor** @method setFrames* @param [overFrame] {string|number} This is the frame or frameName that will be set when this button is in an over state. Give either a number to use a frame ID or a string for a frame name.* @param [outFrame] {string|number} This is the frame or frameName that will be set when this button is in an out state. Give either a number to use a frame ID or a string for a frame name.* @param [downFrame] {string|number} This is the frame or frameName that will be set when this button is in a down state. Give either a number to use a frame ID or a string for a frame name.*/,//Add our own custom methods,Added jsdocs,"Examples (audio, button,camera), and docs"
36,javascript,const commentStartLine = comment.loc?.start.line;const commentEndLine = comment.loc?.end.line;,const commentStartLine = comment.loc.start.line;const commentEndLine = comment.loc.end.line;,Use optional chaining where possible,"Fix ""Cannot read properties of undefined"" regression "
37,javascript,regionBucket:SUtils.generateProjectBucketName(projectDomain)}];,"regionBucket:SUtils.generateProjectBucketName(projectRegion, projectDomain)},];",fix(AWS Deploy): Fix `AWS CloudRegionName` function,ResourcesDeploy: Allow for skipping CF deploy and printing only
38,javascript, *});, *);,Remove whitespace generation,docs($q): fix missing bracket in the example
39,javascript,};/*** ------------------------------------------------------------------------* Class Definition* ------------------------------------------------------------------------*/});$.fn[NAME] = Carousel._jQueryInterface;,/*** ------------------------------------------------------------------------* Class Definition* ------------------------------------------------------------------------*/};});$.fn[NAME] = Carousel._jQueryInterface;,build dist,npm build
0,php,use Stub\TypeHinting\TestAbstract;,use Test\TypeHinting\TestAbstract;,Correct namespace usage in tests,Correct namespace usage in tests
1,php,"public static $modules = ['language', 'menu_ui'];","protected static $modules = ['language', 'menu_ui'];","Revert ""Issueby voleger, pfrenssen, erozqba, RytoEX, borisson_, sidharthap, Jo Fitzgerald, shashikant_chauhan: Make everyproperty protected on classes extending BrowserTestBase and KernelTestBase""","Revert ""Issueby voleger, pfrenssen, erozqba, RytoEX, borisson_, sidharthap, Jo Fitzgerald, shashikant_chauhan: Make everyproperty protected on classes extending BrowserTestBase and KernelTestBase"""
2,php,"$this->assertInstanceOf(FieldItemListInterface::class, $entity->field_test);$this->assertInstanceOf(FieldItemInterface::class, $entity->field_test[0]);","$this->assertInstanceOf(FieldItemListInterface::class, $entity->field_test, 'Field implements interface.');$this->assertInstanceOf(FieldItemInterface::class, $entity->field_test[0], 'Field item implements interface.');","Issueby mondrake, jungle, longwave: Remove redundant $message from assert(Not)InstanceOf calls","Issueby mondrake, jungle, longwave: Remove redundant $message from assert(Not)InstanceOf calls"
3,php,/*,/**,Correct classes header,Correct classes header
4,php,"$this->getMetadataDefinition($metadata),","$this->getMetdataDefinition($metadata),",fixed typo,fix typos
5,php," * @Plugin( *plugin_id = ""boolean_string"""," * @plugin( *plugid_id = ""boolean_string""","Issueby damiankloip, tim.plunkett: Add dedicated annotations for plugins.",annotationasation: Convert basically every core plugin.
6,php,* @param array$context options that decoders have access to,* @param array$context options that decoders have access to.,removed dots at the end of @param and @return,removed dots at the end of @param and @return
7,php,function sendNotification($options = []) {,function sendNotification($options=[]) {,Control spaces inside methods signatures (from phpcbf),Control spaces inside methods signatures (from phpcbf)
8,php,ĉĉĉĉwc_reduce_stock_levels( $order->get_id() );,ĉĉĉĉwc_reduce_stock_levels( $order );,woocommerce_reduce_stock_levels,Pass id not object to wc_reduce_stock_levels
9,php,"ĉĉ$translateModel->updateAll(array('content' => ""'0'""));","ĉĉ$translateModel->updateAll(array('content' => '""0""'));",chore(cs): updated coding standards,Fix errors with postgres tests.
10,php,"'uploaded'=> 'The :attribute failed to upload.',","'uploaded'=> 'The :attribute uploading failed.',",Updated âĢľuploadedâĢĿ validation message,Updated âĢľuploadedâĢĿ validation message
11,php,ĉĉĉif ($scope instanceof ScopeContext) {ĉĉĉĉswitch ($scope->getScope()) {ĉĉif ($operation instanceof IOperation) {ĉĉif ($entity instanceof IEntity) {,ĉĉĉif($scope instanceof ScopeContext) {ĉĉĉĉswitch($scope->getScope()) {ĉĉif($operation instanceof IOperation) {ĉĉif($entity instanceof IEntity) {,"Format control structures, classes, methods and function","Format control structures, classes, methods and function"
12,php,"'#title' => $this->t('URL'),'#type' => 'textfield','#default_value' => isset($image_element['src']) ? $image_element['src'] : '','#maxlength' => 2048,'#required' => TRUE,","'#title' => $this->t('URL'),'#type' => 'textfield','#default_value' => isset($image_element['src']) ? $image_element['src'] : '','#maxlength' => 2048,'#required' => TRUE,","Issueby Malevi4, idebr, pfrenssen, Mile23, RajeevK: Fix 'Drupal.Array.Array.CommaLastItem' coding standard",Issueby cs_shadow: Fixed Indentation error in \Drupal\editor\Form\EditorImageDialog.
13,php,declare(strict_types=1);,declare(strict_types=1);,[PSR] - PSR-12 Unit tests,[PSR] - PSR-12 Unit tests
14,php,namespace Phalcon\Tests\Integration\Forms\Element\Check;,namespace Phalcon\Test\Integration\Forms\Element\Check;,changed test namespace to Phalcon\Tests,changed test namespace to Phalcon\Tests
15,php,$this->_firstSimpleArithmeticExpression = $parser->SimpleArithmeticExpression();$this->_secondSimpleArithmeticExpression = $parser->SimpleArithmeticExpression();,$this->_firstSimpleArithmeticExpression = $parser->_SimpleArithmeticExpression();$this->_secondSimpleArithmeticExpression = $parser->_SimpleArithmeticExpression();,[2.0] Parser work.,[2.0] Parser work.
16,php,"return $this->pull(null, ['--recurse-submodules']);",return $this->pull();,Fix tests,Close- Do a pull of submodules recursively as well
17,php,return Command::SUCCESS;return Command::FAILURE;,return 0;return 1;,Update codebase to PHP 7.4,Update codebase to PHP 7.4 
18,php,"public function __construct(EntityTypeInterface $entity_info, Connection $database, EntityFieldManagerInterface $entity_field_manager, AccountInterface $current_user, CacheBackendInterface $cache, LanguageManagerInterface $language_manager, MemoryCacheInterface $memory_cache, EntityTypeBundleInfoInterface $entity_type_bundle_info, EntityTypeManagerInterface $entity_type_manager) {","public function __construct(EntityTypeInterface $entity_info, Connection $database, EntityFieldManagerInterface $entity_field_manager, AccountInterface $current_user, CacheBackendInterface $cache, LanguageManagerInterface $language_manager, MemoryCacheInterface $memory_cache, EntityTypeBundleInfoInterface $entity_type_bundle_info = NULL, EntityTypeManagerInterface $entity_type_manager = NULL) {","Issueby tim.plunkett, msonnabaum, dawehner, alexpott, effulgentsia: Promote EntityType to a domain object.","Issueby Berdir, andypost, dhirendra.mishra, longwave, alexpott: Remove BC layers from the entity system"
19,php,"ĉĉĉif (! $nbofcontacts) print ' disabled=""disabled""';","ĉĉĉif (! $nbofcontacts) print ' disabled=""true""';",Fix: W3C,Fix: W3C
20,php,"public function action(#[Foo('bar')] string $baz){public function multiAttributeArg(#[Foo('bar'), Undefined('bar')] string $baz){public function issue41478(#[Foo('bar')] string $baz, string $bat){","public function action(#[Foo('bar')] string $baz) {public function multiAttributeArg(#[Foo('bar'), Undefined('bar')] string $baz) {public function issue41478(#[Foo('bar')] string $baz, string $bat) {",Results from PHPCBF auto run,Add return types - batch 6/n
21,php," * Copyright (c) Cake Software Foundation, Inc. (http://cakefoundation.org) * @copyrightCopyright (c) Cake Software Foundation, Inc. (http://cakefoundation.org)"," * Copyright 2005-2012, Cake Software Foundation, Inc. (http://cakefoundation.org) * @copyrightCopyright 2005-2012, Cake Software Foundation, Inc. (http://cakefoundation.org)","This commit is dedicated to Mark Story, who has put in much dedicated time and effort into CakePHP over the years.","This commit is dedicated to Mark Story, who has put in much dedicated time and effort into CakePHP over the years."
22,php,"public function afterSave($user, $fields, $original_fields = [])","public function afterSave($user, $fields)",Fix afterSave,WIP: version control updates
23,php,"/*** Returns the product's avg rating** @param Product $product* @return float*/public function getReviews($product){return $product->reviews()->where('status', 'approved');}return number_format(round($product->reviews()->where('status', 'approved')->average('rating'), 2), 1);return $product->reviews()->where('status', 'approved')->count();",return round($product->reviews->average('rating'));return $product->reviews()->count();,Issuefixed,First commit
24,php,public static function provideMessyWhitespacesCases(): iterable,public static function provideMessyWhitespacesCases(): array,"DX: make data providers return type ""iterable""","DX: make data providers return type ""iterable"" "
25,php, * Copyright (C) 2015-2022 Teclib' and contributors., * Copyright (C) 2015-2021 Teclib' and contributors.,happy new year 2022 GLPI :beers:,happy new year 2022 GLPI :beers:
26,php,"private function checkVariablesDefined(Node $node) : voidprivate function checkVariablesDefinedInIsset(Node $node) : voidprivate function checkArrayAccessDefined(Node $node) : voidprivate function setInstanceofVariableType(Variable $variable, Node $class_node) : voidprivate static function analyzeIsObjectAssertion(Variable $variable) : void","private function checkVariablesDefined(Node $node)private function checkVariablesDefinedInIsset(Node $node)private function checkArrayAccessDefined(Node $node)private function setInstanceofVariableType(Variable $variable, Node $class_node)private static function analyzeIsObjectAssertion(Variable $variable)",Convert more return types,Convert more return types
27,php,ĉĉĉwp_delete_comment( $comment );ĉĉĉwp_trash_comment( $comment );ĉĉĉwp_untrash_comment( $comment );ĉĉĉwp_spam_comment( $comment );ĉĉĉwp_unspam_comment( $comment );,ĉĉĉwp_delete_comment( $comment_id );ĉĉĉwp_trash_comment($comment_id);ĉĉĉwp_untrash_comment($comment_id);ĉĉĉwp_spam_comment($comment_id);ĉĉĉwp_unspam_comment($comment_id);,Remove unused var. Props DD32. see,`wp_unspam_comment()` can accept a full object instead of comment_ID to reduce cache/db lookups..
28,php,"protected static $modules = ['ckeditor', 'config_translation'];","public static $modules = ['ckeditor', 'config_translation'];","Issueby voleger, pfrenssen, erozqba, jungle, RytoEX, borisson_, jofitz, shashikant_chauhan, sidharthap, dawehner, xjm, kiamlaluno, catch, daffie, klausi: Make every $modules property protected on classes extending BrowserTestBase and KernelTestBase","Issueby voleger, pfrenssen, erozqba, jungle, RytoEX, borisson_, jofitz, shashikant_chauhan, sidharthap, dawehner, xjm, kiamlaluno, catch, daffie, klausi: Make every $modules property protected on classes extending BrowserTestBase and KernelTestBase"
29,php,ĉĉĉgutenberg_get_typography_font_size_value(,ĉĉĉwp_get_typography_font_size_value(,Block Editor: Update WordPress Packages.,Editor: Remove extra line break in `build_template_part_block_instance_variations()`.
30,php,protected function doRequest($request): object {,protected function doRequest($request) {,"Issueby daffie, longwave: [Symfony 6] Add ""object"" type hint to methods overriding Symfony\Component\HttpRequestInterface::doRequest()","Issueby catch, daffie: [symfony 6] Add an object return type hint to Drupal\Tests\DrupalTestBrowser::doRequest()"
31,php,"'Use as Directory filter' => 'Usa come filtro Directory',","'Use as Directory filter' => 'Usa come filtro directory Directory',",Enh: Updated Translations (translate.humhub.org),Enh: Updated Translations (translate.humhub.org)
32,php,"ĉpublic function __construct(BlockIdentifier $idInfo, string $name, ?BlockBreakInfo $breakInfo = null){ĉĉparent::__construct($idInfo, $name, $breakInfo ?? new BlockBreakInfo(3.0, BlockToolType::TYPE_PICKAXE, TieredTool::TIER_WOODEN));ĉ}",ĉpublic function getToolType() : int{ĉĉreturn BlockToolType::TYPE_PICKAXE;ĉ}ĉpublic function getToolHarvestLevel() : int{ĉĉreturn TieredTool::TIER_WOODEN;ĉ}ĉpublic function getHardness() : float{ĉĉreturn 3;ĉ},Separate block break-info to a separate dynamic unit,Separate block break-info to a separate dynamic unit
33,php,ĉĉĉ$item->pop();,ĉĉĉ$item->count--;,Fixed,Protect Item->count
34,php,* @param \Symfony\Component\Routing\Route $route,* @param Route $route,fixed phpdoc @param alignment,"Issueby mfernea, zaporylie: Fix 'Drupal.Commenting.DataTypeNamespace' coding standard"
35,php,ĉprotected function __debug($printTreesToo = false) {,ĉprotected function __debug ($printTreesToo = false) {,"Format control structures, classes, methods and function",code conventions
36,php,$this->loadPlugins(['TestPlugin']);$this->loadPlugins(['TestPlugin']);$this->loadPlugins(['TestPlugin']);$this->loadPlugins(['TestPlugin']);$this->loadPlugins(['TestPlugin']);,$this->loadPlugins('TestPlugin');$this->loadPlugins('TestPlugin');$this->loadPlugins('TestPlugin');$this->loadPlugins('TestPlugin');$this->loadPlugins('TestPlugin');,change the method to support array only,change the method to support array only
37,php,"ĉ<p><?php printf(__('Version: %s'), '2.0.8') ?></p>","ĉ<p><?php printf(__('Version: %s'), '2.0RC4') ?></p>",Update version numbers to 2.0.8,Bump ver number in MCE help dialog. Props Voper007Bond. fixes 
38,php,"ĉĉ$select = array($as ? $as : idf_escape(key($row)));ĉĉ$where[] = where_check($unique_idf, $fields);ĉĉ$return = $driver->select($TABLE, $select, $where, $select, array(), 1, 0);ĉĉif ($return) {ĉĉĉecho reset($return->fetch_row());ĉĉ}","ĉĉecho $connection->result(""SELECT"" . limit(($as ? $as : idf_escape(key($row))) . "" FROM "" . table($TABLE), "" WHERE "" . where_check($unique_idf, $fields) . ($where ? "" AND "" . implode("" AND "", $where) : """") . ($order ? "" ORDER BY "" . implode("", "", $order) : """"), 1));",,Generalize inline edit of long fields
39,php,ĉĉ'user_id' => AdminHelper::getPersistentData('cash_effective_user')ĉĉ'user_id' => AdminHelper::getPersistentData('cash_effective_user'),ĉĉ'user_id' => getPersistentData('cash_effective_user')ĉĉ'user_id' => getPersistentData('cash_effective_user'),moved getPersistentData method to AdminHelper class,"moved helper functions into abstract AdminHelper class, created universal Request/Response object $cash_admin which is an instance of new AdminCore class"
0,python,import pandas as pdn_hidden = 50n_iterations = 20000learning_rate = 0.01,n_hidden = 20n_iterations = 80000learning_rate = 0.001,ENH: speed up n_hidden_iter,Logistic Regression using the diabetes dataset. (Pandas impl.)
1,python,"def setup_platform(hass, config, add_entities, discovery_info=None):add_entities(sensors)","def setup_platform(hass, config, add_devices, discovery_info=None):add_devices(sensors)",add_devices -> add_entities,add_devices -> add_entities 
2,python,if (sr is not None andsr.type not in Subreddit.private_types andnot sr.quarantine):return srelse:return False,return sr if (sr is not None and sr.type not in Subreddit.private_types) else False,Don't check for quarantine.,Exclude quarantined subreddits from embeds
3,python,cell : strcursor_pos : integer,cell: strcursor_pos: integer,COSMIT pep8,reformat docstring in IPython utils
4,python,"from django.db.models.fields import NOT_PROVIDEDdef __init__(self, model_name, name, field, preserve_default=True):self.preserve_default = preserve_default# If preserve default is off, don't use the default for future stateif not self.preserve_default:field = self.field.clone()field.default = NOT_PROVIDEDelse:field = self.fieldstate.models[app_label, self.model_name.lower()].fields.append((self.name, field))","def __init__(self, model_name, name, field):state.models[app_label, self.model_name.lower()].fields.append((self.name, self.field))",Fixed-- Added preserve_default option,Don't make a second migration if there was a force-null-default addcol.
5,python,"from __future__ import annotationsdef _get_bytes_multi(self, id_list: list[str]) -> dict[str, bytes | None]:rv: dict[str, bytes | None] = {id: None for id in id_list}","def _get_bytes_multi(self, id_list):rv = {id: None for id in id_list}",ref: fix more mypy issues,ref: fix a few misc mypy errors 
6,python,if 1 < len(rgbs):,if 1 < len(rgbs) < len(data):,fix bug,Make sure rgbas will be resized if bigger than Mobject.data
7,python,def _test_eager_guard(tracer=None):if tracer is None:core._set_eager_tracer(_dygraph_tracer_)else:core._set_eager_tracer(tracer),def _test_eager_guard():core._switch_tracer(_dygraph_tracer_),[Eager] support eager mode,Support test basic of Var and Layer 
8,python,"""""""Start Home Assistant.raise RuntimeError(""Home Assistant is already running"")","""""""Start home assistant.raise RuntimeError(""HASS is already running"")",Be consistent with Home Assistant and Hass.io spelling,Be consistent with Home Assistant and Hass.io spelling 
9,python,import paddle,import paddle,[CodeStyle][isort] introduce isort (part3),[CodeStyle][isort] introduce isort (part3) 
10,python,import OpenSSL,import OpenSSL.cryptoimport OpenSSL.SSL,Remove unused imports,crypto imports cleanup
11,python,from pandas.util.compat import zip,from pandas.util.py3compat import zip,CLN/ENH: Merge compat with py3compat and six,CLN/ENH: Merge compat with py3compat and six
12,python,"ix = 10 * i + 1img[ix:ix + 8, iy:iy + 8] = X[i * N + j].reshape((8, 8))","ix = 10*i + 1img[ix:ix + 8, iy:iy + 8] = X[i*N+j].reshape((8,8))",COSMIT pep8,pep8
13,python,"CONF_BRIDGE_ID,self.bridge_id = bridge[CONF_BRIDGE_ID]","CONF_BRIDGEID,self.bridge_id = bridge[CONF_BRIDGEID]",Clean up constants,Fix issue with group unique id when normalising bridge id 
14,python,arg : None or 4-tuple,"arg : { None, 4-tuple, Axes }- `~.axes.Axes`: This is equivalent to `.pyplot.sca`.It sets the current axes to *arg*. Note: This implicitlychanges the current figure to the parent of *arg*... note:: The use of an `.axes.Axes` as an argument is deprecatedand will be removed in v3.0. Please use `.pyplot.sca`instead.",Merge pull requestfrom plotly/fix-updates,Remove mention of now-removed feature in docstring.
15,python,"# 'workers': 1,# the number of web workers","# 'workers': 3,# the number of web workers","Revert ""Revert ""[RLlib] AlgorithmConfig: Next steps (volume 01); Algos, RolloâĢ¦""",ref(uwsgi): Make default settings less demanding 
16,python,class TestDmsDeleteTaskOperator:,import unittestclass TestDmsDeleteTaskOperator(unittest.TestCase):,Migrate amazon provider operator tests from `unittests` to `pytest`,Migrate amazon provider operator tests from `unittests` to `pytest` 
17,python,"for batch in pipeline.iter_batches():print(""Pipeline result"", batch)",predicted_probabilities.show()pipeline.show(),[AIR/Data] Make `BatchPredictor` lazy,"Revert ""[AIR/Data] Make `BatchPredictor` lazy "" "
18,python,"def send(self, *args, **kwargs):return self.iterable.send(*args, **kwargs)","def send(self, *args, **kwargs):return self.iterable.send(*args, **kwargs)",flakes,minor refactor
19,python,"source = self._loader.path_dwim_relative(self._loader.get_basedir(), 'files', source)",source = self._loader.path_dwim(source),Fixes,made sure they all look in files/vars/template dirs also when executed in play and not only from task
20,python,"""component_uss"",""USS usage of all components on the node."",","""component_rss"",""Dashboard RSS usage."",","Revert ""Merge branch 'master' into spacy.io""",[Metrics] Support uss for dashboard 
21,python,"from sentry.services.hybrid_cloud.actor import RpcActorNotificationSetting.objects.update_settings_bulk(notification_settings, actor=RpcActor.from_orm_user(user))","NotificationSetting.objects.update_settings_bulk(notification_settings, user=user)",chore(hybrid-cloud): AlertRules in hybrid cloud,chore(hybrid-cloud): More query changes in support for breaking foreign 
22,python,"""aiohttp==3.8.0"",""async_timeout==4.0.0"",","""aiohttp==3.7.4.post0"",""async_timeout==3.0.1"",",Upgrade aiohttp to 3.8.0,Bump to aiohttp 3.8.0 
23,python,"def __ior__(self, other):self.merge(other)return _noop","elif isinstance(other, dict):self.merge(other)",CLN: assorted,add ior to merge.
24,python,if (event.get('type') == 'transaction'and options.get('transaction-events.force-disable-internal-project')):,if event.get('type') == 'transaction' and options.get('transaction-events.force-disable'):,ref: Rename transaction events to internal project,fix: Typo in options usage 
25,python,self.replay_buffer.add_batch(sample_batch),self.buffer.add_batch(sample_batch),[RLlib] Replay Buffer API and Ape-X.,[rllib] [hotfix] Build broken due to merge conflict: MixInReplay has no attribute buffer
26,python,"__version__ = ""0.2.5""","__version__ = ""0.2.4""",v0.2.5,bump version
27,python,"self.has_pipelining = Falseexecutable='/bin/sh', in_data=None):if in_data:raise errors.AnsibleError(""Internal Error: this module does not support optimized module pipelining"")",executable='/bin/sh'):,Fix pipelining,ssh_alt.py / decrease # of ssh roundtrips
28,python,"url(r'^(?P<id>[0-9]+)/$', InstanceModelView.as_view(resource=MyModelResource), name='model-resource-instance'),","url(r'^(?P<pk>[0-9]+)/$', InstanceModelView.as_view(resource=MyModelResource)),",Fixed-- Added support for multiple model instances.,reverse takes request as a kwarg for compatibility with django's reverse
29,python,"def run(smoke_test=False, storage_path: str = None):storage_path=storage_path,",def run(smoke_test=False):,[air] Move to new storage_path API in tests and examples,[AIR] Remove head node syncing as the default storage option 
30,python,"""models.maskformer"": [""MASKFORMER_PRETRAINED_CONFIG_ARCHIVE_MAP"", ""MaskFormerConfig"", ""MaskFormerSwinConfig""],""MaskFormerSwinBackbone"",from .models.maskformer import MASKFORMER_PRETRAINED_CONFIG_ARCHIVE_MAP, MaskFormerConfig, MaskFormerSwinConfigMaskFormerSwinBackbone,","""models.maskformer"": [""MASKFORMER_PRETRAINED_CONFIG_ARCHIVE_MAP"", ""MaskFormerConfig""],from .models.maskformer import MASKFORMER_PRETRAINED_CONFIG_ARCHIVE_MAP, MaskFormerConfig",Add MaskFormerSwinBackbone,[Maskformer] Add MaskFormerSwin backbone 
31,python,return output_errors if squared else np.sqrt(output_errors),return output_errors,Internal change,FIX mean_squared_error ignores the `squared` argument if multioutput='raw_values' 
32,python,Wraps a HuggingFace [`~datasets.Dataset`] as a `tf.data.Dataset` with collation and batching. This method isA [~`datasets.Dataset`] to be wrapped as a `tf.data.Dataset`.,Wraps a HuggingFace `datasets.Dataset` as a `tf.data.Dataset` with collation and batching. This method isA `datasets.Dataset` to be wrapped as a `tf.data.Dataset`.,Internal change,Doc to dataset 
33,python,"from pandas._libs import reduction as libreductionresult = libreduction.compute_reduction(self.values, self.f, axis=self.axis)result = libreduction.compute_reduction(","from pandas._libs import reductionresult = reduction.compute_reduction(self.values, self.f, axis=self.axis)result = reduction.compute_reduction(",BLD: consolidate remaining extensions,reduction-> libreduction for grepability 
34,python,"'privateendport':'private_end_port',","'private_end_port': 'private_end_port',args['openfirewall']= self.module.params.get('open_firewall')",cloudstack: use private endpoints,cloudstack: cs_portforward: fix missing return and remove unused arg
35,python,"from ...utils import add_code_sample_docstrings, add_start_docstrings, add_start_docstrings_to_model_forward, logging","from ...file_utils import add_code_sample_docstrings, add_start_docstrings, add_start_docstrings_to_model_forwardfrom ...utils import logging",Reorganize file utils,Reorganize file utils 
36,python,"#-----------------------------------------------------------------------------# Copyright (c) 2012 - 2018, Anaconda, Inc. All rights reserved.## Powered by the Bokeh Development Team.## The full license is in the file LICENSE.txt, distributed with this software.#-----------------------------------------------------------------------------#-----------------------------------------------------------------------------# Boilerplate#-----------------------------------------------------------------------------from __future__ import absolute_import, division, print_function, unicode_literalsimport pytest ; pytest#-----------------------------------------------------------------------------# Imports#-----------------------------------------------------------------------------# Standard library imports# External imports# Bokeh imports# Module under test#-----------------------------------------------------------------------------# Setup#-----------------------------------------------------------------------------#-----------------------------------------------------------------------------# General API#-----------------------------------------------------------------------------#-----------------------------------------------------------------------------# Dev API#-----------------------------------------------------------------------------#-----------------------------------------------------------------------------# Private API#-----------------------------------------------------------------------------#-----------------------------------------------------------------------------# Code#-----------------------------------------------------------------------------",from __future__ import absolute_import,Boilerplate for Protocol,Initial boilerplate for bokeh/tests 
37,python,"from typing import (Any,Optional,Tuple,Union,cast,)from pandas._libs import (NaT,Timedelta,iNaT,lib,)from pandas._typing import (ArrayLike,Dtype,DtypeObj,F,Scalar,)from pandas.core.dtypes.missing import (isna,na_value_for_dtype,notna,)","from typing import Any, Optional, Tuple, Union, castfrom pandas._libs import NaT, Timedelta, iNaT, libfrom pandas._typing import ArrayLike, Dtype, DtypeObj, F, Scalarfrom pandas.core.dtypes.missing import isna, na_value_for_dtype, notna",force grid-wrap,force grid-wrap 
38,python,"def __init__(self, *,def __init__(self, *,def __init__(self, *,def __init__(self, *,def __init__(self, *,def __init__(self, *,","def __init__(self,def __init__(self,def __init__(self,def __init__(self,def __init__(self,def __init__(self,",Add correct signature to all operators and sensors,Add correct signatures for operators in google provider package 
39,python,"from .termcolors import COLOR_MAP, COLORS, colored, DISABLE_COLORSsuper(DummySpinner, self).__init__()if DISABLE_COLORS:colorama.init()","from .termcolors import COLOR_MAP, COLORS, coloredcolorama.init()",Enable colorama by default,"Update pythonfinder, vistir, and requirementslib versions"
0,ruby,###,###,[] Remove trailing whitespace,[] Remove trailing whitespace
1,ruby,"%x{#{self}._proto['$' + newname] = #{self}._proto['$' + oldname];if (self._methods) {$opal.donate(self, ['$' + newname ])}}",`#{self}._proto['$' + newname] = #{self}._proto['$' + oldname]`,Cleanup,Make sure alias_method donates new methods to module includees
2,ruby,"class Currency202204Test < Test::Unit::TestCasemodify_context(api_version: ""2022-04"")stub_request(:get, ""https://test-shop.myshopify.io/admin/api/2022-04/currencies.json"")assert_requested(:get, ""https://test-shop.myshopify.io/admin/api/2022-04/currencies.json"")","class Currency202104Test < Test::Unit::TestCasemodify_context(api_version: ""2021-04"")stub_request(:get, ""https://test-shop.myshopify.io/admin/api/2021-04/currencies.json"")assert_requested(:get, ""https://test-shop.myshopify.io/admin/api/2021-04/currencies.json"")",Update REST resources,Adding 2022-04 REST resources
3,ruby,"{ :version=>/Powered by <a href=""http:\/\/www.adaptcms.com"">[<b>]*AdaptCMS([^<]*)<\/a>/, :regexp_offset=>0 },","{ :version=>/Powered by <a href=""http:\/\/www.adaptcms.com"">[<b>]*AdaptCMS([^<]*)<\/a>/, :version_regexp_offset=>0 },","Changed :version_regexp_offset, :modules_regexp_offset, etc to :regexp_offset for simplicity. Updated 86 plugins using this. Also added :filepath result type.","Changed :version_regexp_offset, :modules_regexp_offset, etc to :regexp_offset for simplicity. Updated 86 plugins using this. Also added :filepath result type."
4,ruby,"deprecated_option ""perl"" => ""with-perl""option ""with-perl"", ""Build Pidgin with Perl support""option ""without-GUI"", ""Build Finch instead of Pidgin""","deprecated_option ""perl"" => ""with-perl""option ""with-perl"", ""Build Pidgin with Perl support""option ""without-GUI"", ""Build Finch instead of Pidgin""",Update formulae for version 0.7,pidgin: fix --without-gui
5,ruby,"RSpec.describe ""Feed"" do","describe ""Feed"" do",RSpec: disable monkey patching in specs,RSpec: disable monkey patching in specs 
6,ruby,"context ""when the value is not a float string"" do","context ""when the value is a no float string"" do",Fix typos,Fix small typo on spec
7,ruby,"attr_reader :groups, :platforms, :gemfile@gemfile= options[""gemfile""]",attr_reader :groupsattr_reader :platforms,Add gemfile support,Add gemfile method to dependency
8,ruby,"self.supported_cardtypes = [:visa, :master, :american_express]","self.supported_cardtypes = [:visa, :master]",Add American Express card type,Add american express to supported cards in Pin Gateway
9,ruby,list_type = request.path_info.split('/').last,list_type = request.path.split('/').last,Upgrade to Rails 5,Use request.path_info instead of request.path
10,ruby,"attr_reader :problem_was_resolvedretrieve_problem_was_resolveddef retrieve_problem_was_resolved@problem_was_resolved = Problem.where('_id' => @error.problem_id, resolved: true).exists?endproblem_was_resolved ||app.email_at_notices.include?(0) ||problem_was_resolved ||app.notification_service.notify_at_notices.include?(0) ||",app.email_at_notices.include?(0) ||app.notification_service.notify_at_notices.include?(0) ||,Don't raise an error if an error is resolved,Resend notifications when generating notices on resolved problems 
11,ruby,"$stderr.puts ""#{Tty.red}Warning#{Tty.reset}: #{warning}""$stderr.puts ""#{Tty.red}Error#{Tty.reset}: #{error}""","STDERR.puts ""#{Tty.red}Warning#{Tty.reset}: #{warning}""STDERR.puts ""#{Tty.red}Error#{Tty.reset}: #{error}""",Use $stderr instead of $stderr.,utils: use the $stderr global variable.
12,ruby,sources = Twitter::Action::Favorite.new(:sources => [{:id => 7505382}]).sourcestargets = Twitter::Action::Favorite.new(:targets => [{:id => 25938088801}]).targets,sources = Twitter::Action::Favorite.new(sources: [{id: 7505382}]).sourcestargets = Twitter::Action::Favorite.new(targets: [{id: 25938088801}]).targets,Convert to Ruby 1.9 hash syntax,"Revert ""Convert to Ruby 1.9 hash syntax"""
13,ruby,"attr_accessible :user_id, :discussion_id, :discussion_last_viewed_at, :followingvalidates_presence_of :discussion_id, :user_idbefore_validation :set_discussion_last_viewed_at_to_now, :on => :create, :unless => 'following == false'","attr_accessible :user_id, :discussion_id, :discussion_last_viewed_atvalidates_presence_of :discussion_last_viewed_at, :discussion_id, :user_idbefore_validation :set_discussion_last_viewed_at_to_now, :on => :create",fixes,Implement INBOX BABY!
14,ruby,"VERSION = ""0.2.0""","VERSION = ""0.1.1""",chore: release google-cloud-security_center-v1 0.2.0,chore: release google-cloud-functions-v1 0.2.0 
15,ruby,"autoload :Licenses,'rubygems/util/licenses'","autoload :SPDX,'rubygems/util/spdx'",Rename Spdx to licenses,renamed Gem::SPDX to Gem::Licenses
16,ruby,# REDESIGN_PENDING: deprecated# REDESIGN_PENDING: deprecated# REDESIGN_PENDING: deprecated# REDESIGN_PENDING: deprecated# REDESIGN_PENDING: deprecated,"#small: true,#subtitle_text: I18n.t(""my.subtitle.key"")def container_classcontainer_class = ""progress__bar""container_class += "" progress__bar--horizontal"" if horizontal? && !small?container_class += "" progress__bar--vertical"" if vertical?container_classend",Redesign: admin,Decidim frontend redesign 
17,ruby,def skip_deps_check?ignore_deps?endverify_deps_exist unless skip_deps_check?unless skip_deps_check?unless skip_deps_check?def skip_deps_check?true,"verify_deps_exist unless ignore_deps?unless ignore_deps?unless ignore_deps?def initialize(*)super@ignore_deps = trueenddef sanitized_ARGV_optionsargs = superargs.delete ""--ignore-dependencies""args",Refactor --ignore-dependencies,use `skip_deps_check?` instead of `ignore_deps?` hack
18,ruby,"$:.push File.join(File.dirname(__FILE__), *%w[.. .. lib])","$:.push File.join(File.dirname(__FILE__), *%w[.. .. .. lib])",brew vendor-gems: commit updates.,"Updated rspec, rspec-rails, calendar_date_select and has_many_polymorphs. Fixed all specs for Rails 2.2.2"
19,ruby,@comments = @post.comments,@comments = @post.comments.includes(:creator),fixes,remove newrelic
20,ruby,"assert_template :index, partial: '_search_bar'user_list.each do |u|get :index, search: 'Super Admin', format: :jsonput :update, id: modified_user.id, user: {role_id: Role::DEPLOYER.id}","assert_template :index,partial: '_search_bar'user_list.eachdo | u |get :index, search: 'Super Admin' , format: :jsonput :update, {id: modified_user.id, user: {role_id: Role::DEPLOYER.id}}",runs rubocop autofix,test changes for rubocop
21,ruby,let(:chef_run) { ChefSpec::ServerRunner.converge(described_recipe) },let(:chef_run) { ChefSpec::SoloRunner.converge(described_recipe) },Use ServerRunner in the examples,Use ServerRunner in the examples
22,ruby,"def initialize(builder, app_url, app_path, component_paths)@server = Opal::Server.new(prefix: app_url, debug: Volt.source_maps?)builder.map(app_url) do","def initialize(builder, app_path, component_paths)@server = Opal::Server.new(prefix: '/assets', debug: Volt.source_maps?)builder.map '/assets' do",Use app_url instead of app_url,Move /assets to volt_app.app_url (set to /app by default)
23,ruby,@easy ||= Typhoeus::Pool.getTyphoeus::Pool.release(easy),@easy ||= hydra.get_easyhydra.release_easy(easy),Use Typhoeus::Pool.,Refactor pool so that there is only one to rule them all.
24,ruby,This class formats an output into a string using Hirb::Helpers::* or any user-created views.elsif options[:class] && (helper_class = Helpers.helper_class(options[:class]))end,"This class is format an output into a string using Hirb::Helpers::* or any user-created views.elsif options[:class] && (helper_class = determine_helper_class(options[:class]))def determine_helper_class(klass)if (helper_class = Helpers.constants.find {|e| e.to_s == Util.camelize(klass.to_s)})klass = ""Hirb::Helpers::#{helper_class}""endUtil.any_const_get(klass)endend",add helper method,added automatic single helper_view
25,ruby,return true unless github_team_id.present?,included dobefore_validation(on: :create) docreate_github_team if organizationendbefore_destroy :silently_destroy_github_teamend,fix specs,Use collab for new GitHub Organization permissions
26,ruby,"default from: ""scumblr@localhost""mail(:bcc=> recipients, :subject=>subject)","default from: ""scumblr@scumblr.com""mail(:to=> ""scumblr@scumblr.com"", :bcc=> recipients, :subject=>subject)",fix specs,Update summary_mailer.rb
27,ruby,"describe ""NoisyBacktraceTweaker"" dobefore(:each) doit ""should leave anything in lib spec dir"" doit ""should leave anything in spec dir"" doit ""should leave bin spec"" doit ""should not barf on nil backtrace"" doit ""should clean up double slashes"" do","context ""NoisyBacktraceTweaker"" dosetup dospecify ""should leave anything in lib spec dir"" dospecify ""should leave anything in spec dir"" dospecify ""should leave bin spec"" dospecify ""should not barf on nil backtrace"" dospecify ""should clean up double slashes"" do",Translated all of our own specs. NO MORE CONTEXT/SPECIFY ANYWHERE,Translated all of our own specs. NO MORE CONTEXT/SPECIFY ANYWHERE
28,ruby,ASSET = %r!\A(https?://(?:video|pbs)\.twimg\.com/media/)!i,ASSET = %r!\A(https?://(?:video|pbs)\.twimg\.com/media/)}!i,Fix style,twitter: fix typo in ASSET regex .
29,ruby,# Note that lattices cannot be sources@tables[lhs].is_source = false if @tables.has_key? lhs,if @tables.has_key? lhs@tables[lhs].is_source = falseelsif @lattices.has_key? lhs@lattices[lhs].is_source = falseelseraise Bud::Errorend,Fix failing tests,Checkpoint work on push-based lattices.
30,ruby,VERSION = '0.9.0',VERSION = '0.8.0',Release 0.9.0,Version bump v0.9.0
31,ruby,@xray_session_collection = stub@xray_session_collection.stubs(:session_id_for_transaction_name).with(any_parameters).returns(nil)@xray_session_collection.stubs(:session_id_for_transaction_name).with(MATCHING_TRANSACTION).returns(XRAY_SESSION_ID)@buffer.xray_session_collection = @xray_session_collection,@xray_sessions = stub@xray_sessions.stubs(:session_id_for_transaction_name).with(any_parameters).returns(nil)@xray_sessions.stubs(:session_id_for_transaction_name).with(MATCHING_TRANSACTION).returns(XRAY_SESSION_ID)@buffer.xray_sessions = @xray_sessions,Rename xray_sessions_collection to xray_session,RUBY-1176 Rename XraySessions to XraySessionCollection
32,ruby,"it 'returns a list of hashes based on the headers' dodescribe '#rows_hash' doit 'converts this table into a Hash where the first column is used as keys and the second column is used as values' dotable = Turnip::Table.new([['foo', 'moo'], ['bar', '55']])table.rows_hash.should == {'foo' => 'moo', 'bar' => '55'}endend",it 'returns a list of hashe based on the headers' do,Add #rows_hash to Table#rows,Add support for verticle tables when describing single objects
33,ruby,"@token = Base64.strict_encode64(""#{user_name}:#{personal_access_token}"")def inspectinspected = superif @tokeninspected = inspected.sub! @token, ""********"".freezeendinspectedend","@token = Base64.strict_encode64(""#{user_name}:#{personal_access_token}"")",Extract method,add inspect method to vsts api
34,ruby,"[:process_token, :mandatory, :uuid],","[:process_token, :mandatory, :string],",Add UUID support,Change process_token in TransactionProcessToken to binary UUID
35,ruby,"def download_namename == :default ? owner.name : ""#{owner.name}--#{name}""enddef download_strategy@download_strategy ||= DownloadStrategyDetector.detect(url, using)enddef cached_downloaddownloader.cached_locationend","download_name = name == :default ? owner.name : ""#{owner.name}--#{name}""def download_strategy@download_strategy ||= DownloadStrategyDetector.detect(url, using)enddef cached_downloaddownloader.cached_locationend",Extract download_name method,Reorganize resource download methods
36,ruby,"first_name: default_blank(masked(bill_address_alias[:firstname])),price: sum_values(line_item_table[:quantity] * line_item_table[:price]),","first_name: default_blank(masked(bill_address_alias[:firstname])),","Revert ""Merge pull requestfrom sharetribe/transaction-model""",Packing Report: add price and reorder columns
37,ruby,ee = ee.filter(:start >= Date.parse(args['-s'])) if args['-s']ee = ee.filter(:start >= Date.parse(args['-s'])) if args['-s'],ee = ee.filter(:end >= Date.parse(args['-s'])) if args['-s']ee = ee.filter(:end >= Date.parse(args['-s'])) if args['-s'],changed start_at to start,filter by start date because entries don't always have end dates
38,ruby,"# TODO: pre-process options, add switches and description keys based on ^-puts template(:help).result @runner.get_bindingputs template(:command_help).result command.get_bindingERB.new(File.read(File.expand_path(File.dirname(__FILE__)) + ""/terminal/#{name}.erb""), nil, ""<>"")","# TODO: get <% -%> working to clean up erb files..template(:help).result @runner.get_bindingtemplate(:command_help).result @runner.get_bindingERB.new File.read(File.expand_path(File.dirname(__FILE__)) + ""/terminal/#{name}.erb"")",Added support for ERB commands,- Formatted ERB how it shoudl be... still need to surpress new lines
39,ruby,"require ""prawn/core""","require ""prawn""",Fix example requires,Fix example requires
